Date,Day,Time,Pred,High/Low
2025/05/01,Thu,0:36,1.71,H
2025/05/01,Thu,8:02,-0.43,L
2025/05/01,Thu,15:18,1.18,H
2025/05/01,Thu,19:55,0.92,L
2025/05/02,Fri,1:30,1.58,H
2025/05/02,Fri,9:03,-0.31,L
2025/05/02,Fri,16:27,1.17,H
2025/05/02,Fri,21:16,0.94,L
2025/05/03,Sat,2:32,1.43,H
2025/05/03,Sat,10:08,-0.2,L
2025/05/03,Sat,17:31,1.2,H
2025/05/03,Sat,22:45,0.88,L
2025/05/04,Sun,3:44,1.27,H
2025/05/04,Sun,11:13,-0.09,L
2025/05/04,Sun,18:26,1.25,H
2025/05/05,Mon,0:05,0.75,L
2025/05/05,Mon,5:03,1.15,H
2025/05/05,Mon,12:12,0.01,L
2025/05/05,Mon,19:10,1.3,H
2025/05/06,Tue,1:10,0.58,L
2025/05/06,Tue,6:21,1.08,H
2025/05/06,Tue,13:03,0.1,L
2025/05/06,Tue,19:47,1.36,H
2025/05/07,Wed,2:03,0.41,L
2025/05/07,Wed,7:32,1.05,H
2025/05/07,Wed,13:46,0.21,L
2025/05/07,Wed,20:18,1.41,H
2025/05/08,Thu,2:48,0.24,L
2025/05/08,Thu,8:35,1.04,H
2025/05/08,Thu,14:24,0.34,L
2025/05/08,Thu,20:44,1.45,H
2025/05/09,Fri,3:27,0.1,L
2025/05/09,Fri,9:31,1.05,H
2025/05/09,Fri,14:59,0.47,L
2025/05/09,Fri,21:08,1.48,H
2025/05/10,Sat,4:02,-0.02,L
2025/05/10,Sat,10:22,1.06,H
2025/05/10,Sat,15:32,0.6,L
2025/05/10,Sat,21:31,1.51,H
2025/05/11,Sun,4:35,-0.11,L
2025/05/11,Sun,11:10,1.07,H
2025/05/11,Sun,16:04,0.71,L
2025/05/11,Sun,21:56,1.54,H
2025/05/12,Mon,5:06,-0.17,L
2025/05/12,Mon,11:56,1.08,H
2025/05/12,Mon,16:37,0.81,L
2025/05/12,Mon,22:23,1.54,H
2025/05/13,Tue,5:39,-0.21,L
2025/05/13,Tue,12:41,1.09,H
2025/05/13,Tue,17:10,0.89,L
2025/05/13,Tue,22:53,1.54,H
2025/05/14,Wed,6:13,-0.24,L
2025/05/14,Wed,13:26,1.08,H
2025/05/14,Wed,17:45,0.95,L
2025/05/14,Wed,23:26,1.52,H
2025/05/15,Thu,6:50,-0.24,L
2025/05/15,Thu,14:13,1.07,H
2025/05/15,Thu,18:24,0.99,L
2025/05/16,Fri,0:04,1.48,H
2025/05/16,Fri,7:32,-0.23,L
2025/05/16,Fri,15:03,1.06,H
2025/05/16,Fri,19:10,1.01,L
2025/05/17,Sat,0:46,1.43,H
2025/05/17,Sat,8:19,-0.21,L
2025/05/17,Sat,15:54,1.07,H
2025/05/17,Sat,20:11,1.02,L
2025/05/18,Sun,1:36,1.35,H
2025/05/18,Sun,9:10,-0.18,L
2025/05/18,Sun,16:44,1.1,H
2025/05/18,Sun,21:29,0.98,L
2025/05/19,Mon,2:36,1.26,H
2025/05/19,Mon,10:04,-0.12,L
2025/05/19,Mon,17:27,1.16,H
2025/05/19,Mon,22:53,0.86,L
2025/05/20,Tue,3:49,1.16,H
2025/05/20,Tue,10:58,-0.05,L
2025/05/20,Tue,18:06,1.26,H
2025/05/21,Wed,0:05,0.67,L
2025/05/21,Wed,5:11,1.09,H
2025/05/21,Wed,11:51,0.05,L
2025/05/21,Wed,18:41,1.38,H
2025/05/22,Thu,1:04,0.42,L
2025/05/22,Thu,6:36,1.06,H
2025/05/22,Thu,12:42,0.18,L
2025/05/22,Thu,19:16,1.51,H
2025/05/23,Fri,1:57,0.14,L
2025/05/23,Fri,7:55,1.07,H
2025/05/23,Fri,13:30,0.33,L
2025/05/23,Fri,19:51,1.65,H
2025/05/24,Sat,2:47,-0.12,L
2025/05/24,Sat,9:08,1.12,H
2025/05/24,Sat,14:18,0.49,L
2025/05/24,Sat,20:28,1.77,H
2025/05/25,Sun,3:35,-0.35,L
2025/05/25,Sun,10:14,1.17,H
2025/05/25,Sun,15:06,0.63,L
2025/05/25,Sun,21:08,1.86,H
2025/05/26,Mon,4:23,-0.51,L
2025/05/26,Mon,11:16,1.22,H
2025/05/26,Mon,15:56,0.75,L
2025/05/26,Mon,21:51,1.9,H
2025/05/27,Tue,5:12,-0.59,L
2025/05/27,Tue,12:14,1.25,H
2025/05/27,Tue,16:47,0.84,L
2025/05/27,Tue,22:38,1.89,H
2025/05/28,Wed,6:02,-0.6,L
2025/05/28,Wed,13:10,1.26,H
2025/05/28,Wed,17:42,0.89,L
2025/05/28,Wed,23:26,1.82,H
2025/05/29,Thu,6:53,-0.55,L
2025/05/29,Thu,14:04,1.26,H
2025/05/29,Thu,18:42,0.92,L
2025/05/30,Fri,0:18,1.71,H
2025/05/30,Fri,7:44,-0.45,L
2025/05/30,Fri,14:59,1.26,H
2025/05/30,Fri,19:48,0.92,L
2025/05/31,Sat,1:12,1.55,H
2025/05/31,Sat,8:37,-0.32,L
2025/05/31,Sat,15:52,1.27,H
2025/05/31,Sat,21:03,0.88,L
2025/06/01,Sun,2:10,1.37,H
2025/06/01,Sun,9:30,-0.17,L
2025/06/01,Sun,16:43,1.29,H
2025/06/01,Sun,22:22,0.8,L
2025/06/02,Mon,3:15,1.19,H
2025/06/02,Mon,10:23,-0.01,L
2025/06/02,Mon,17:30,1.32,H
2025/06/02,Mon,23:36,0.67,L
2025/06/03,Tue,4:29,1.03,H
2025/06/03,Tue,11:15,0.15,L
2025/06/03,Tue,18:11,1.37,H
2025/06/04,Wed,0:41,0.5,L
2025/06/04,Wed,5:52,0.93,H
2025/06/04,Wed,12:03,0.31,L
2025/06/04,Wed,18:46,1.43,H
2025/06/05,Thu,1:36,0.33,L
2025/06/05,Thu,7:16,0.89,H
2025/06/05,Thu,12:50,0.47,L
2025/06/05,Thu,19:18,1.48,H
2025/06/06,Fri,2:22,0.17,L
2025/06/06,Fri,8:31,0.92,H
2025/06/06,Fri,13:33,0.61,L
2025/06/06,Fri,19:47,1.52,H
2025/06/07,Sat,3:03,0.03,L
2025/06/07,Sat,9:34,0.97,H
2025/06/07,Sat,14:15,0.75,L
2025/06/07,Sat,20:16,1.56,H
2025/06/08,Sun,3:39,-0.08,L
2025/06/08,Sun,10:27,1.03,H
2025/06/08,Sun,14:55,0.85,L
2025/06/08,Sun,20:46,1.59,H
2025/06/09,Mon,4:14,-0.16,L
2025/06/09,Mon,11:14,1.08,H
2025/06/09,Mon,15:34,0.93,L
2025/06/09,Mon,21:19,1.61,H
2025/06/10,Tue,4:48,-0.22,L
2025/06/10,Tue,11:57,1.11,H
2025/06/10,Tue,16:12,0.98,L
2025/06/10,Tue,21:53,1.62,H
2025/06/11,Wed,5:22,-0.27,L
2025/06/11,Wed,12:37,1.14,H
2025/06/11,Wed,16:51,1,L
2025/06/11,Wed,22:30,1.62,H
2025/06/12,Thu,5:58,-0.3,L
2025/06/12,Thu,13:15,1.15,H
2025/06/12,Thu,17:30,1.01,L
2025/06/12,Thu,23:09,1.61,H
2025/06/13,Fri,6:35,-0.32,L
2025/06/13,Fri,13:54,1.16,H
2025/06/13,Fri,18:13,1,L
2025/06/13,Fri,23:49,1.57,H
2025/06/14,Sat,7:14,-0.31,L
2025/06/14,Sat,14:32,1.17,H
2025/06/14,Sat,19:02,0.98,L
2025/06/15,Sun,0:33,1.5,H
2025/06/15,Sun,7:55,-0.28,L
2025/06/15,Sun,15:11,1.2,H
2025/06/15,Sun,20:01,0.94,L
2025/06/16,Mon,1:22,1.39,H
2025/06/16,Mon,8:38,-0.2,L
2025/06/16,Mon,15:49,1.26,H
2025/06/16,Mon,21:10,0.85,L
2025/06/17,Tue,2:20,1.26,H
2025/06/17,Tue,9:23,-0.08,L
2025/06/17,Tue,16:27,1.34,H
2025/06/17,Tue,22:25,0.7,L
2025/06/18,Wed,3:33,1.11,H
2025/06/18,Wed,10:11,0.09,L
2025/06/18,Wed,17:06,1.45,H
2025/06/18,Wed,23:38,0.49,L
2025/06/19,Thu,5:01,0.99,H
2025/06/19,Thu,11:02,0.28,L
2025/06/19,Thu,17:45,1.57,H
2025/06/20,Fri,0:43,0.25,L
2025/06/20,Fri,6:36,0.95,H
2025/06/20,Fri,11:56,0.47,L
2025/06/20,Fri,18:26,1.69,H
2025/06/21,Sat,1:40,-0.01,L
2025/06/21,Sat,8:05,0.99,H
2025/06/21,Sat,12:51,0.65,L
2025/06/21,Sat,19:09,1.8,H
2025/06/22,Sun,2:34,-0.23,L
2025/06/22,Sun,9:21,1.08,H
2025/06/22,Sun,13:48,0.78,L
2025/06/22,Sun,19:55,1.88,H
2025/06/23,Mon,3:25,-0.39,L
2025/06/23,Mon,10:24,1.17,H
2025/06/23,Mon,14:45,0.87,L
2025/06/23,Mon,20:44,1.93,H
2025/06/24,Tue,4:14,-0.5,L
2025/06/24,Tue,11:19,1.24,H
2025/06/24,Tue,15:41,0.92,L
2025/06/24,Tue,21:33,1.94,H
2025/06/25,Wed,5:03,-0.54,L
2025/06/25,Wed,12:09,1.28,H
2025/06/25,Wed,16:37,0.92,L
2025/06/25,Wed,22:24,1.9,H
2025/06/26,Thu,5:50,-0.52,L
2025/06/26,Thu,12:55,1.31,H
2025/06/26,Thu,17:33,0.91,L
2025/06/26,Thu,23:14,1.82,H
2025/06/27,Fri,6:37,-0.46,L
2025/06/27,Fri,13:40,1.32,H
2025/06/27,Fri,18:31,0.88,L
2025/06/28,Sat,0:04,1.69,H
2025/06/28,Sat,7:21,-0.35,L
2025/06/28,Sat,14:23,1.33,H
2025/06/28,Sat,19:31,0.84,L
2025/06/29,Sun,0:54,1.53,H
2025/06/29,Sun,8:04,-0.21,L
2025/06/29,Sun,15:05,1.35,H
2025/06/29,Sun,20:35,0.79,L
2025/06/30,Mon,1:46,1.34,H
2025/06/30,Mon,8:47,-0.04,L
2025/06/30,Mon,15:45,1.37,H
2025/06/30,Mon,21:43,0.71,L
2025/07/01,Tue,2:44,1.14,H
2025/07/01,Tue,9:29,0.15,L
2025/07/01,Tue,16:24,1.4,H
2025/07/01,Tue,22:53,0.61,L
2025/07/02,Wed,3:55,0.97,H
2025/07/02,Wed,10:13,0.35,L
2025/07/02,Wed,17:01,1.43,H
2025/07/02,Wed,23:59,0.47,L
2025/07/03,Thu,5:24,0.86,H
2025/07/03,Thu,11:00,0.55,L
2025/07/03,Thu,17:38,1.47,H
2025/07/04,Fri,0:58,0.33,L
2025/07/04,Fri,7:05,0.85,H
2025/07/04,Fri,11:52,0.72,L
2025/07/04,Fri,18:15,1.52,H
2025/07/05,Sat,1:49,0.18,L
2025/07/05,Sat,8:32,0.92,H
2025/07/05,Sat,12:47,0.86,L
2025/07/05,Sat,18:53,1.56,H
2025/07/06,Sun,2:34,0.06,L
2025/07/06,Sun,9:35,1.01,H
2025/07/06,Sun,13:40,0.95,L
2025/07/06,Sun,19:32,1.6,H
2025/07/07,Mon,3:14,-0.04,L
2025/07/07,Mon,10:23,1.08,H
2025/07/07,Mon,14:29,1.01,L
2025/07/07,Mon,20:13,1.64,H
2025/07/08,Tue,3:52,-0.13,L
2025/07/08,Tue,11:03,1.14,H
2025/07/08,Tue,15:14,1.02,L
2025/07/08,Tue,20:54,1.68,H
2025/07/09,Wed,4:29,-0.2,L
2025/07/09,Wed,11:38,1.17,H
2025/07/09,Wed,15:55,1.02,L
2025/07/09,Wed,21:35,1.7,H
2025/07/10,Thu,5:04,-0.26,L
2025/07/10,Thu,12:11,1.2,H
2025/07/10,Thu,16:35,0.99,L
2025/07/10,Thu,22:16,1.71,H
2025/07/11,Fri,5:39,-0.31,L
2025/07/11,Fri,12:43,1.22,H
2025/07/11,Fri,17:16,0.95,L
2025/07/11,Fri,22:57,1.7,H
2025/07/12,Sat,6:14,-0.32,L
2025/07/12,Sat,13:15,1.26,H
2025/07/12,Sat,18:00,0.9,L
2025/07/12,Sat,23:39,1.65,H
2025/07/13,Sun,6:50,-0.29,L
2025/07/13,Sun,13:47,1.3,H
2025/07/13,Sun,18:49,0.83,L
2025/07/14,Mon,0:25,1.55,H
2025/07/14,Mon,7:26,-0.21,L
2025/07/14,Mon,14:20,1.36,H
2025/07/14,Mon,19:45,0.74,L
2025/07/15,Tue,1:16,1.41,H
2025/07/15,Tue,8:04,-0.06,L
2025/07/15,Tue,14:54,1.44,H
2025/07/15,Tue,20:48,0.63,L
2025/07/16,Wed,2:17,1.23,H
2025/07/16,Wed,8:45,0.13,L
2025/07/16,Wed,15:31,1.53,H
2025/07/16,Wed,21:58,0.49,L
2025/07/17,Thu,3:33,1.06,H
2025/07/17,Thu,9:30,0.35,L
2025/07/17,Thu,16:12,1.62,H
2025/07/17,Thu,23:11,0.31,L
2025/07/18,Fri,5:08,0.95,H
2025/07/18,Fri,10:22,0.58,L
2025/07/18,Fri,16:57,1.7,H
2025/07/19,Sat,0:22,0.12,L
2025/07/19,Sat,6:53,0.95,H
2025/07/19,Sat,11:23,0.77,L
2025/07/19,Sat,17:48,1.78,H
2025/07/20,Sun,1:26,-0.06,L
2025/07/20,Sun,8:22,1.04,H
2025/07/20,Sun,12:31,0.9,L
2025/07/20,Sun,18:43,1.84,H
2025/07/21,Mon,2:24,-0.22,L
2025/07/21,Mon,9:28,1.14,H
2025/07/21,Mon,13:39,0.96,L
2025/07/21,Mon,19:38,1.89,H
2025/07/22,Tue,3:17,-0.33,L
2025/07/22,Tue,10:20,1.23,H
2025/07/22,Tue,14:42,0.96,L
2025/07/22,Tue,20:33,1.91,H
2025/07/23,Wed,4:06,-0.38,L
2025/07/23,Wed,11:05,1.29,H
2025/07/23,Wed,15:39,0.92,L
2025/07/23,Wed,21:26,1.9,H
2025/07/24,Thu,4:51,-0.4,L
2025/07/24,Thu,11:47,1.33,H
2025/07/24,Thu,16:32,0.86,L
2025/07/24,Thu,22:16,1.85,H
2025/07/25,Fri,5:33,-0.36,L
2025/07/25,Fri,12:25,1.36,H
2025/07/25,Fri,17:24,0.8,L
2025/07/25,Fri,23:04,1.76,H
2025/07/26,Sat,6:13,-0.28,L
2025/07/26,Sat,13:01,1.38,H
2025/07/26,Sat,18:14,0.74,L
2025/07/26,Sat,23:50,1.63,H
2025/07/27,Sun,6:50,-0.17,L
2025/07/27,Sun,13:35,1.4,H
2025/07/27,Sun,19:05,0.69,L
2025/07/28,Mon,0:36,1.47,H
2025/07/28,Mon,7:25,-0.01,L
2025/07/28,Mon,14:08,1.41,H
2025/07/28,Mon,19:58,0.63,L
2025/07/29,Tue,1:25,1.29,H
2025/07/29,Tue,7:59,0.18,L
2025/07/29,Tue,14:39,1.43,H
2025/07/29,Tue,20:55,0.58,L
2025/07/30,Wed,2:20,1.12,H
2025/07/30,Wed,8:35,0.38,L
2025/07/30,Wed,15:12,1.44,H
2025/07/30,Wed,21:57,0.52,L
2025/07/31,Thu,3:28,0.97,H
2025/07/31,Thu,9:13,0.59,L
2025/07/31,Thu,15:47,1.46,H
2025/07/31,Thu,23:03,0.44,L
2025/08/01,Fri,5:02,0.88,H
2025/08/01,Fri,9:59,0.78,L
2025/08/01,Fri,16:27,1.47,H
2025/08/02,Sat,0:08,0.34,L
2025/08/02,Sat,7:00,0.89,H
2025/08/02,Sat,11:01,0.94,L
2025/08/02,Sat,17:14,1.5,H
2025/08/03,Sun,1:08,0.24,L
2025/08/03,Sun,8:28,0.98,H
2025/08/03,Sun,12:15,1.03,L
2025/08/03,Sun,18:05,1.53,H
2025/08/04,Mon,2:00,0.13,L
2025/08/04,Mon,9:20,1.07,H
2025/08/04,Mon,13:21,1.06,L
2025/08/04,Mon,18:58,1.58,H
2025/08/05,Tue,2:45,0.02,L
2025/08/05,Tue,9:58,1.14,H
2025/08/05,Tue,14:14,1.04,L
2025/08/05,Tue,19:47,1.64,H
2025/08/06,Wed,3:26,-0.08,L
2025/08/06,Wed,10:30,1.18,H
2025/08/06,Wed,14:58,1,L
2025/08/06,Wed,20:34,1.69,H
2025/08/07,Thu,4:02,-0.16,L
2025/08/07,Thu,10:59,1.22,H
2025/08/07,Thu,15:38,0.93,L
2025/08/07,Thu,21:19,1.73,H
2025/08/08,Fri,4:37,-0.22,L
2025/08/08,Fri,11:28,1.26,H
2025/08/08,Fri,16:18,0.85,L
2025/08/08,Fri,22:02,1.75,H
2025/08/09,Sat,5:11,-0.25,L
2025/08/09,Sat,11:56,1.31,H
2025/08/09,Sat,17:00,0.76,L
2025/08/09,Sat,22:46,1.72,H
2025/08/10,Sun,5:45,-0.22,L
2025/08/10,Sun,12:25,1.38,H
2025/08/10,Sun,17:44,0.65,L
2025/08/10,Sun,23:33,1.65,H
2025/08/11,Mon,6:19,-0.14,L
2025/08/11,Mon,12:55,1.45,H
2025/08/11,Mon,18:33,0.54,L
2025/08/12,Tue,0:22,1.53,H
2025/08/12,Tue,6:54,0.01,L
2025/08/12,Tue,13:26,1.53,H
2025/08/12,Tue,19:26,0.43,L
2025/08/13,Wed,1:18,1.37,H
2025/08/13,Wed,7:31,0.21,L
2025/08/13,Wed,14:00,1.61,H
2025/08/13,Wed,20:25,0.33,L
2025/08/14,Thu,2:24,1.2,H
2025/08/14,Thu,8:11,0.43,L
2025/08/14,Thu,14:39,1.67,H
2025/08/14,Thu,21:32,0.23,L
2025/08/15,Fri,3:47,1.05,H
2025/08/15,Fri,8:58,0.66,L
2025/08/15,Fri,15:25,1.71,H
2025/08/15,Fri,22:47,0.14,L
2025/08/16,Sat,5:29,0.99,H
2025/08/16,Sat,9:58,0.85,L
2025/08/16,Sat,16:20,1.73,H
2025/08/17,Sun,0:03,0.04,L
2025/08/17,Sun,7:10,1.05,H
2025/08/17,Sun,11:16,0.98,L
2025/08/17,Sun,17:24,1.74,H
2025/08/18,Mon,1:14,-0.07,L
2025/08/18,Mon,8:23,1.15,H
2025/08/18,Mon,12:39,1.01,L
2025/08/18,Mon,18:30,1.76,H
2025/08/19,Tue,2:14,-0.15,L
2025/08/19,Tue,9:16,1.24,H
2025/08/19,Tue,13:49,0.96,L
2025/08/19,Tue,19:33,1.78,H
2025/08/20,Wed,3:06,-0.21,L
2025/08/20,Wed,9:58,1.31,H
2025/08/20,Wed,14:48,0.87,L
2025/08/20,Wed,20:31,1.79,H
2025/08/21,Thu,3:51,-0.23,L
2025/08/21,Thu,10:36,1.36,H
2025/08/21,Thu,15:39,0.77,L
2025/08/21,Thu,21:22,1.77,H
2025/08/22,Fri,4:31,-0.2,L
2025/08/22,Fri,11:11,1.39,H
2025/08/22,Fri,16:26,0.67,L
2025/08/22,Fri,22:10,1.71,H
2025/08/23,Sat,5:07,-0.14,L
2025/08/23,Sat,11:43,1.41,H
2025/08/23,Sat,17:11,0.59,L
2025/08/23,Sat,22:55,1.62,H
2025/08/24,Sun,5:40,-0.04,L
2025/08/24,Sun,12:12,1.43,H
2025/08/24,Sun,17:54,0.52,L
2025/08/24,Sun,23:40,1.5,H
2025/08/25,Mon,6:11,0.1,L
2025/08/25,Mon,12:39,1.45,H
2025/08/25,Mon,18:36,0.46,L
2025/08/26,Tue,0:24,1.37,H
2025/08/26,Tue,6:42,0.27,L
2025/08/26,Tue,13:05,1.46,H
2025/08/26,Tue,19:20,0.41,L
2025/08/27,Wed,1:12,1.23,H
2025/08/27,Wed,7:12,0.45,L
2025/08/27,Wed,13:31,1.47,H
2025/08/27,Wed,20:06,0.38,L
2025/08/28,Thu,2:06,1.1,H
2025/08/28,Thu,7:44,0.64,L
2025/08/28,Thu,14:00,1.46,H
2025/08/28,Thu,20:58,0.37,L
2025/08/29,Fri,3:14,0.99,H
2025/08/29,Fri,8:19,0.82,L
2025/08/29,Fri,14:35,1.45,H
2025/08/29,Fri,21:58,0.35,L
2025/08/30,Sat,4:50,0.94,H
2025/08/30,Sat,9:06,0.97,L
2025/08/30,Sat,15:20,1.43,H
2025/08/30,Sat,23:08,0.32,L
2025/08/31,Sun,6:51,0.97,H
2025/08/31,Sun,10:25,1.07,L
2025/08/31,Sun,16:17,1.42,H
2025/09/01,Mon,0:18,0.26,L
2025/09/01,Mon,8:04,1.05,H
2025/09/01,Mon,12:00,1.1,L
2025/09/01,Mon,17:23,1.44,H
2025/09/02,Tue,1:18,0.16,L
2025/09/02,Tue,8:45,1.12,H
2025/09/02,Tue,13:08,1.06,L
2025/09/02,Tue,18:26,1.49,H
2025/09/03,Wed,2:07,0.06,L
2025/09/03,Wed,9:15,1.17,H
2025/09/03,Wed,13:58,0.98,L
2025/09/03,Wed,19:23,1.56,H
2025/09/04,Thu,2:49,-0.04,L
2025/09/04,Thu,9:42,1.23,H
2025/09/04,Thu,14:40,0.87,L
2025/09/04,Thu,20:14,1.63,H
2025/09/05,Fri,3:26,-0.11,L
2025/09/05,Fri,10:08,1.28,H
2025/09/05,Fri,15:20,0.74,L
2025/09/05,Fri,21:02,1.67,H
2025/09/06,Sat,4:00,-0.13,L
2025/09/06,Sat,10:34,1.35,H
2025/09/06,Sat,16:00,0.59,L
2025/09/06,Sat,21:50,1.68,H
2025/09/07,Sun,4:34,-0.1,L
2025/09/07,Sun,11:02,1.44,H
2025/09/07,Sun,16:43,0.43,L
2025/09/07,Sun,22:39,1.64,H
2025/09/08,Mon,5:08,-0.01,L
2025/09/08,Mon,11:30,1.53,H
2025/09/08,Mon,17:27,0.28,L
2025/09/08,Mon,23:31,1.56,H
2025/09/09,Tue,5:43,0.13,L
2025/09/09,Tue,12:01,1.62,H
2025/09/09,Tue,18:15,0.15,L
2025/09/10,Wed,0:26,1.45,H
2025/09/10,Wed,6:20,0.32,L
2025/09/10,Wed,12:34,1.69,H
2025/09/10,Wed,19:07,0.05,L
2025/09/11,Thu,1:28,1.31,H
2025/09/11,Thu,6:59,0.52,L
2025/09/11,Thu,13:11,1.73,H
2025/09/11,Thu,20:04,0,L
2025/09/12,Fri,2:40,1.18,H
2025/09/12,Fri,7:44,0.73,L
2025/09/12,Fri,13:55,1.73,H
2025/09/12,Fri,21:09,-0.01,L
2025/09/13,Sat,4:06,1.1,H
2025/09/13,Sat,8:40,0.9,L
2025/09/13,Sat,14:49,1.7,H
2025/09/13,Sat,22:24,-0.01,L
2025/09/14,Sun,5:43,1.1,H
2025/09/14,Sun,9:59,1.02,L
2025/09/14,Sun,15:55,1.64,H
2025/09/14,Sun,23:44,-0.02,L
2025/09/15,Mon,7:04,1.17,H
2025/09/15,Mon,11:34,1.03,L
2025/09/15,Mon,17:10,1.6,H
2025/09/16,Tue,0:56,-0.05,L
2025/09/16,Tue,8:02,1.25,H
2025/09/16,Tue,12:55,0.95,L
2025/09/16,Tue,18:24,1.59,H
2025/09/17,Wed,1:55,-0.08,L
2025/09/17,Wed,8:46,1.33,H
2025/09/17,Wed,13:58,0.81,L
2025/09/17,Wed,19:30,1.6,H
2025/09/18,Thu,2:43,-0.08,L
2025/09/18,Thu,9:24,1.39,H
2025/09/18,Thu,14:49,0.67,L
2025/09/18,Thu,20:27,1.59,H
2025/09/19,Fri,3:24,-0.05,L
2025/09/19,Fri,9:57,1.43,H
2025/09/19,Fri,15:35,0.54,L
2025/09/19,Fri,21:18,1.56,H
2025/09/20,Sat,3:59,0.02,L
2025/09/20,Sat,10:26,1.46,H
2025/09/20,Sat,16:17,0.42,L
2025/09/20,Sat,22:06,1.5,H
2025/09/21,Sun,4:31,0.13,L
2025/09/21,Sun,10:53,1.48,H
2025/09/21,Sun,16:55,0.33,L
2025/09/21,Sun,22:51,1.42,H
2025/09/22,Mon,5:01,0.26,L
2025/09/22,Mon,11:17,1.5,H
2025/09/22,Mon,17:32,0.25,L
2025/09/22,Mon,23:35,1.34,H
2025/09/23,Tue,5:31,0.41,L
2025/09/23,Tue,11:40,1.51,H
2025/09/23,Tue,18:08,0.2,L
2025/09/24,Wed,0:21,1.25,H
2025/09/24,Wed,6:00,0.57,L
2025/09/24,Wed,12:02,1.51,H
2025/09/24,Wed,18:45,0.17,L
2025/09/25,Thu,1:09,1.17,H
2025/09/25,Thu,6:29,0.72,L
2025/09/25,Thu,12:27,1.5,H
2025/09/25,Thu,19:24,0.16,L
2025/09/26,Fri,2:04,1.09,H
2025/09/26,Fri,7:01,0.86,L
2025/09/26,Fri,12:57,1.48,H
2025/09/26,Fri,20:09,0.18,L
2025/09/27,Sat,3:11,1.03,H
2025/09/27,Sat,7:37,0.99,L
2025/09/27,Sat,13:34,1.43,H
2025/09/27,Sat,21:03,0.21,L
2025/09/28,Sun,4:39,1,H
2025/09/28,Sun,8:29,1.08,L
2025/09/28,Sun,14:23,1.38,H
2025/09/28,Sun,22:09,0.22,L
2025/09/29,Mon,6:16,1.03,H
2025/09/29,Mon,10:04,1.13,L
2025/09/29,Mon,15:27,1.34,H
2025/09/29,Mon,23:21,0.2,L
2025/09/30,Tue,7:16,1.09,H
2025/09/30,Tue,11:44,1.09,L
2025/09/30,Tue,16:40,1.33,H
2025/10/01,Wed,0:26,0.13,L
2025/10/01,Wed,7:51,1.15,H
2025/10/01,Wed,12:49,0.99,L
2025/10/01,Wed,17:52,1.36,H
2025/10/02,Thu,1:18,0.06,L
2025/10/02,Thu,8:20,1.22,H
2025/10/02,Thu,13:37,0.85,L
2025/10/02,Thu,18:56,1.42,H
2025/10/03,Fri,2:01,0.01,L
2025/10/03,Fri,8:46,1.3,H
2025/10/03,Fri,14:20,0.67,L
2025/10/03,Fri,19:53,1.47,H
2025/10/04,Sat,2:40,0,L
2025/10/04,Sat,9:12,1.39,H
2025/10/04,Sat,15:01,0.47,L
2025/10/04,Sat,20:48,1.5,H
2025/10/05,Sun,3:17,0.04,L
2025/10/05,Sun,9:39,1.5,H
2025/10/05,Sun,15:42,0.26,L
2025/10/05,Sun,21:43,1.51,H
2025/10/06,Mon,3:53,0.14,L
2025/10/06,Mon,10:07,1.61,H
2025/10/06,Mon,16:26,0.06,L
2025/10/06,Mon,22:38,1.48,H
2025/10/07,Tue,4:30,0.28,L
2025/10/07,Tue,10:38,1.71,H
2025/10/07,Tue,17:11,-0.11,L
2025/10/07,Tue,23:35,1.43,H
2025/10/08,Wed,5:09,0.45,L
2025/10/08,Wed,11:12,1.79,H
2025/10/08,Wed,17:59,-0.23,L
2025/10/09,Thu,0:35,1.36,H
2025/10/09,Thu,5:50,0.62,L
2025/10/09,Thu,11:49,1.83,H
2025/10/09,Thu,18:50,-0.28,L
2025/10/10,Fri,1:40,1.28,H
2025/10/10,Fri,6:35,0.79,L
2025/10/10,Fri,12:32,1.81,H
2025/10/10,Fri,19:47,-0.26,L
2025/10/11,Sat,2:52,1.22,H
2025/10/11,Sat,7:28,0.93,L
2025/10/11,Sat,13:22,1.74,H
2025/10/11,Sat,20:50,-0.2,L
2025/10/12,Sun,4:11,1.18,H
2025/10/12,Sun,8:38,1.02,L
2025/10/12,Sun,14:23,1.63,H
2025/10/12,Sun,22:02,-0.12,L
2025/10/13,Mon,5:30,1.21,H
2025/10/13,Mon,10:12,1.03,L
2025/10/13,Mon,15:36,1.52,H
2025/10/13,Mon,23:18,-0.06,L
2025/10/14,Tue,6:35,1.27,H
2025/10/14,Tue,11:44,0.94,L
2025/10/14,Tue,16:56,1.43,H
2025/10/15,Wed,0:25,-0.02,L
2025/10/15,Wed,7:26,1.34,H
2025/10/15,Wed,12:57,0.79,L
2025/10/15,Wed,18:13,1.38,H
2025/10/16,Thu,1:21,0.02,L
2025/10/16,Thu,8:06,1.41,H
2025/10/16,Thu,13:55,0.61,L
2025/10/16,Thu,19:22,1.36,H
2025/10/17,Fri,2:07,0.08,L
2025/10/17,Fri,8:41,1.46,H
2025/10/17,Fri,14:43,0.44,L
2025/10/17,Fri,20:22,1.34,H
2025/10/18,Sat,2:46,0.17,L
2025/10/18,Sat,9:11,1.51,H
2025/10/18,Sat,15:25,0.29,L
2025/10/18,Sat,21:16,1.31,H
2025/10/19,Sun,3:21,0.29,L
2025/10/19,Sun,9:37,1.54,H
2025/10/19,Sun,16:03,0.17,L
2025/10/19,Sun,22:06,1.28,H
2025/10/20,Mon,3:52,0.42,L
2025/10/20,Mon,10:01,1.56,H
2025/10/20,Mon,16:38,0.08,L
2025/10/20,Mon,22:53,1.25,H
2025/10/21,Tue,4:23,0.56,L
2025/10/21,Tue,10:23,1.57,H
2025/10/21,Tue,17:11,0.01,L
2025/10/21,Tue,23:40,1.21,H
2025/10/22,Wed,4:53,0.7,L
2025/10/22,Wed,10:46,1.57,H
2025/10/22,Wed,17:44,-0.03,L
2025/10/23,Thu,0:26,1.18,H
2025/10/23,Thu,5:24,0.82,L
2025/10/23,Thu,11:10,1.56,H
2025/10/23,Thu,18:18,-0.04,L
2025/10/24,Fri,1:14,1.15,H
2025/10/24,Fri,5:56,0.93,L
2025/10/24,Fri,11:38,1.54,H
2025/10/24,Fri,18:55,-0.03,L
2025/10/25,Sat,2:06,1.11,H
2025/10/25,Sat,6:30,1.01,L
2025/10/25,Sat,12:12,1.49,H
2025/10/25,Sat,19:36,0,L
2025/10/26,Sun,3:05,1.08,H
2025/10/26,Sun,7:11,1.07,L
2025/10/26,Sun,12:52,1.43,H
2025/10/26,Sun,20:25,0.03,L
2025/10/27,Mon,4:13,1.07,H
2025/10/27,Mon,8:09,1.12,L
2025/10/27,Mon,13:41,1.36,H
2025/10/27,Mon,21:22,0.07,L
2025/10/28,Tue,5:19,1.09,H
2025/10/28,Tue,9:39,1.12,L
2025/10/28,Tue,14:43,1.29,H
2025/10/28,Tue,22:25,0.08,L
2025/10/29,Wed,6:10,1.14,H
2025/10/29,Wed,11:13,1.04,L
2025/10/29,Wed,15:57,1.24,H
2025/10/29,Wed,23:26,0.08,L
2025/10/30,Thu,6:46,1.21,H
2025/10/30,Thu,12:20,0.9,L
2025/10/30,Thu,17:14,1.22,H
2025/10/31,Fri,0:20,0.09,L
2025/10/31,Fri,7:17,1.3,H
2025/10/31,Fri,13:12,0.69,L
2025/10/31,Fri,18:28,1.23,H
2025/11/01,Sat,1:07,0.12,L
2025/11/01,Sat,7:46,1.41,H
2025/11/01,Sat,13:58,0.45,L
2025/11/01,Sat,19:37,1.26,H
2025/11/02,Sun,1:50,0.19,L
2025/11/02,Sun,7:15,1.54,H
2025/11/02,Sun,13:42,0.2,L
2025/11/02,Sun,19:41,1.3,H
2025/11/03,Mon,1:32,0.3,L
2025/11/03,Mon,7:45,1.67,H
2025/11/03,Mon,14:25,-0.05,L
2025/11/03,Mon,20:43,1.33,H
2025/11/04,Tue,2:13,0.44,L
2025/11/04,Tue,8:18,1.79,H
2025/11/04,Tue,15:10,-0.26,L
2025/11/04,Tue,21:43,1.34,H
2025/11/05,Wed,2:55,0.59,L
2025/11/05,Wed,8:54,1.88,H
2025/11/05,Wed,15:57,-0.41,L
2025/11/05,Wed,22:43,1.34,H
2025/11/06,Thu,3:39,0.73,L
2025/11/06,Thu,9:34,1.93,H
2025/11/06,Thu,16:46,-0.49,L
2025/11/06,Thu,23:43,1.32,H
2025/11/07,Fri,4:27,0.84,L
2025/11/07,Fri,10:18,1.92,H
2025/11/07,Fri,17:37,-0.49,L
2025/11/08,Sat,0:45,1.3,H
2025/11/08,Sat,5:20,0.94,L
2025/11/08,Sat,11:07,1.84,H
2025/11/08,Sat,18:32,-0.42,L
2025/11/09,Sun,1:48,1.27,H
2025/11/09,Sun,6:22,0.99,L
2025/11/09,Sun,12:02,1.72,H
2025/11/09,Sun,19:32,-0.31,L
2025/11/10,Mon,2:53,1.27,H
2025/11/10,Mon,7:39,1,L
2025/11/10,Mon,13:04,1.56,H
2025/11/10,Mon,20:35,-0.18,L
2025/11/11,Tue,3:56,1.29,H
2025/11/11,Tue,9:09,0.95,L
2025/11/11,Tue,14:15,1.4,H
2025/11/11,Tue,21:40,-0.06,L
2025/11/12,Wed,4:52,1.34,H
2025/11/12,Wed,10:34,0.82,L
2025/11/12,Wed,15:34,1.25,H
2025/11/12,Wed,22:41,0.06,L
2025/11/13,Thu,5:39,1.41,H
2025/11/13,Thu,11:44,0.64,L
2025/11/13,Thu,16:55,1.16,H
2025/11/13,Thu,23:34,0.17,L
2025/11/14,Fri,6:18,1.47,H
2025/11/14,Fri,12:41,0.45,L
2025/11/14,Fri,18:11,1.12,H
2025/11/15,Sat,0:21,0.3,L
2025/11/15,Sat,6:52,1.53,H
2025/11/15,Sat,13:29,0.27,L
2025/11/15,Sat,19:19,1.11,H
2025/11/16,Sun,1:02,0.44,L
2025/11/16,Sun,7:21,1.57,H
2025/11/16,Sun,14:10,0.12,L
2025/11/16,Sun,20:19,1.12,H
2025/11/17,Mon,1:40,0.58,L
2025/11/17,Mon,7:48,1.6,H
2025/11/17,Mon,14:47,0,L
2025/11/17,Mon,21:13,1.14,H
2025/11/18,Tue,2:16,0.71,L
2025/11/18,Tue,8:13,1.62,H
2025/11/18,Tue,15:21,-0.08,L
2025/11/18,Tue,22:02,1.16,H
2025/11/19,Wed,2:50,0.83,L
2025/11/19,Wed,8:39,1.63,H
2025/11/19,Wed,15:53,-0.14,L
2025/11/19,Wed,22:48,1.18,H
2025/11/20,Thu,3:25,0.92,L
2025/11/20,Thu,9:06,1.62,H
2025/11/20,Thu,16:25,-0.16,L
2025/11/20,Thu,23:32,1.18,H
2025/11/21,Fri,3:59,0.99,L
2025/11/21,Fri,9:36,1.61,H
2025/11/21,Fri,16:59,-0.17,L
2025/11/22,Sat,0:15,1.17,H
2025/11/22,Sat,4:35,1.03,L
2025/11/22,Sat,10:10,1.58,H
2025/11/22,Sat,17:35,-0.17,L
2025/11/23,Sun,0:59,1.15,H
2025/11/23,Sun,5:13,1.06,L
2025/11/23,Sun,10:47,1.53,H
2025/11/23,Sun,18:14,-0.15,L
2025/11/24,Mon,1:44,1.14,H
2025/11/24,Mon,5:58,1.08,L
2025/11/24,Mon,11:28,1.47,H
2025/11/24,Mon,18:58,-0.12,L
2025/11/25,Tue,2:31,1.14,H
2025/11/25,Tue,6:54,1.08,L
2025/11/25,Tue,12:14,1.39,H
2025/11/25,Tue,19:45,-0.07,L
2025/11/26,Wed,3:18,1.17,H
2025/11/26,Wed,8:08,1.04,L
2025/11/26,Wed,13:10,1.29,H
2025/11/26,Wed,20:35,-0.01,L
2025/11/27,Thu,4:00,1.23,H
2025/11/27,Thu,9:31,0.94,L
2025/11/27,Thu,14:19,1.18,H
2025/11/27,Thu,21:28,0.07,L
2025/11/28,Fri,4:38,1.31,H
2025/11/28,Fri,10:44,0.76,L
2025/11/28,Fri,15:41,1.09,H
2025/11/28,Fri,22:20,0.18,L
2025/11/29,Sat,5:13,1.42,H
2025/11/29,Sat,11:43,0.52,L
2025/11/29,Sat,17:08,1.05,H
2025/11/29,Sat,23:11,0.31,L
2025/11/30,Sun,5:47,1.55,H
2025/11/30,Sun,12:35,0.25,L
2025/11/30,Sun,18:31,1.07,H
2025/12/01,Mon,0:01,0.46,L
2025/12/01,Mon,6:23,1.69,H
2025/12/01,Mon,13:24,-0.02,L
2025/12/01,Mon,19:45,1.14,H
2025/12/02,Tue,0:50,0.6,L
2025/12/02,Tue,7:00,1.82,H
2025/12/02,Tue,14:11,-0.26,L
2025/12/02,Tue,20:51,1.21,H
2025/12/03,Wed,1:39,0.73,L
2025/12/03,Wed,7:40,1.92,H
2025/12/03,Wed,14:58,-0.44,L
2025/12/03,Wed,21:52,1.27,H
2025/12/04,Thu,2:29,0.83,L
2025/12/04,Thu,8:24,1.98,H
2025/12/04,Thu,15:46,-0.55,L
2025/12/04,Thu,22:48,1.31,H
2025/12/05,Fri,3:20,0.9,L
2025/12/05,Fri,9:11,1.99,H
2025/12/05,Fri,16:36,-0.59,L
2025/12/05,Fri,23:42,1.33,H
2025/12/06,Sat,4:14,0.93,L
2025/12/06,Sat,10:01,1.95,H
2025/12/06,Sat,17:26,-0.55,L
2025/12/07,Sun,0:35,1.33,H
2025/12/07,Sun,5:11,0.94,L
2025/12/07,Sun,10:53,1.85,H
2025/12/07,Sun,18:17,-0.46,L
2025/12/08,Mon,1:26,1.33,H
2025/12/08,Mon,6:15,0.93,L
2025/12/08,Mon,11:47,1.69,H
2025/12/08,Mon,19:08,-0.33,L
2025/12/09,Tue,2:18,1.34,H
2025/12/09,Tue,7:26,0.9,L
2025/12/09,Tue,12:45,1.5,H
2025/12/09,Tue,20:00,-0.17,L
2025/12/10,Wed,3:09,1.36,H
2025/12/10,Wed,8:46,0.82,L
2025/12/10,Wed,13:49,1.29,H
2025/12/10,Wed,20:53,0.01,L
2025/12/11,Thu,3:57,1.4,H
2025/12/11,Thu,10:05,0.7,L
2025/12/11,Thu,15:05,1.11,H
2025/12/11,Thu,21:46,0.2,L
2025/12/12,Fri,4:41,1.45,H
2025/12/12,Fri,11:16,0.53,L
2025/12/12,Fri,16:31,0.98,H
2025/12/12,Fri,22:38,0.38,L
2025/12/13,Sat,5:21,1.5,H
2025/12/13,Sat,12:17,0.35,L
2025/12/13,Sat,18:02,0.94,H
2025/12/13,Sat,23:29,0.55,L
2025/12/14,Sun,5:57,1.55,H
2025/12/14,Sun,13:07,0.19,L
2025/12/14,Sun,19:22,0.98,H
2025/12/15,Mon,0:18,0.71,L
2025/12/15,Mon,6:30,1.59,H
2025/12/15,Mon,13:50,0.05,L
2025/12/15,Mon,20:27,1.05,H
2025/12/16,Tue,1:04,0.83,L
2025/12/16,Tue,7:02,1.62,H
2025/12/16,Tue,14:28,-0.06,L
2025/12/16,Tue,21:21,1.11,H
2025/12/17,Wed,1:48,0.93,L
2025/12/17,Wed,7:34,1.64,H
2025/12/17,Wed,15:03,-0.13,L
2025/12/17,Wed,22:06,1.16,H
2025/12/18,Thu,2:30,0.99,L
2025/12/18,Thu,8:07,1.65,H
2025/12/18,Thu,15:37,-0.18,L
2025/12/18,Thu,22:46,1.19,H
2025/12/19,Fri,3:08,1.02,L
2025/12/19,Fri,8:42,1.66,H
2025/12/19,Fri,16:11,-0.22,L
2025/12/19,Fri,23:23,1.2,H
2025/12/20,Sat,3:46,1.03,L
2025/12/20,Sat,9:18,1.65,H
2025/12/20,Sat,16:44,-0.24,L
2025/12/20,Sat,23:58,1.21,H
2025/12/21,Sun,4:23,1.03,L
2025/12/21,Sun,9:56,1.63,H
2025/12/21,Sun,17:19,-0.25,L
2025/12/22,Mon,0:32,1.21,H
2025/12/22,Mon,5:01,1.01,L
2025/12/22,Mon,10:34,1.59,H
2025/12/22,Mon,17:54,-0.24,L
2025/12/23,Tue,1:07,1.22,H
2025/12/23,Tue,5:45,0.99,L
2025/12/23,Tue,11:14,1.52,H
2025/12/23,Tue,18:31,-0.2,L
2025/12/24,Wed,1:42,1.24,H
2025/12/24,Wed,6:37,0.94,L
2025/12/24,Wed,11:58,1.41,H
2025/12/24,Wed,19:10,-0.12,L
2025/12/25,Thu,2:18,1.29,H
2025/12/25,Thu,7:38,0.87,L
2025/12/25,Thu,12:51,1.27,H
2025/12/25,Thu,19:51,0,L
2025/12/26,Fri,2:54,1.35,H
2025/12/26,Fri,8:49,0.75,L
2025/12/26,Fri,13:57,1.12,H
2025/12/26,Fri,20:36,0.17,L
2025/12/27,Sat,3:32,1.45,H
2025/12/27,Sat,10:03,0.57,L
2025/12/27,Sat,15:23,0.99,H
2025/12/27,Sat,21:25,0.36,L
2025/12/28,Sun,4:11,1.55,H
2025/12/28,Sun,11:12,0.34,L
2025/12/28,Sun,17:04,0.93,H
2025/12/28,Sun,22:20,0.56,L
2025/12/29,Mon,4:53,1.67,H
2025/12/29,Mon,12:13,0.09,L
2025/12/29,Mon,18:40,0.98,H
2025/12/29,Mon,23:20,0.73,L
2025/12/30,Tue,5:39,1.78,H
2025/12/30,Tue,13:08,-0.14,L
2025/12/30,Tue,19:58,1.08,H
2025/12/31,Wed,0:20,0.85,L
2025/12/31,Wed,6:27,1.88,H
2025/12/31,Wed,14:00,-0.34,L
2025/12/31,Wed,21:02,1.19,H